Gilbert (given name)
Sy, Djie, Tjhie, Chi, Tjie
、
Pasquale (disambiguation)
Krastiņš
Simmerman (disambiguation)
Hugh (disambiguation)
Hoghton
MacGregor (surname)
Huckaby
‑
‒
–
Dan (name)
Farleigh (disambiguation)
Disney Deluxe Dining Plan
—
―
◌&#x0326;
Huish
Paschal (disambiguation)
Vela, Vélaz, Velez
Martins, Martinson, Martini, Martiner, Martinek, Martens, Martinov, Martines, Martinus, Martine etc.
Kadlec
Ivanenko
Jansma
‣
Timmerman
'
‧
Alder (disambiguation)
Sher, Ser
Deák
,
Thompson, Thomason, Tompson, MacTavish, MacTamhais
Alaa el-Din
-
1
English: Lumb
″
Faulx, Faut
Employee
‴
6
Holscher
Paulson, Palsson
Omicron
;
Sheri (disambiguation)
Korean: Jin
Schriever (disambiguation)
Hönigswald
?
Lloyd (name)
Molnar
Hoile, Hoyles, Hoiles
Chew (surname)
Fong
⁄
Rawlins, etc
Saint Clare (disambiguation)
English: Cho
Fonseka, Afonseca, Affonseca, de Fonseca, de Afonseca, de Affonseca, D'Afonseca, D'Affonseca
「 」
Chinese, Korean: Tan
[[#Variants
, Gancz, Gantz,
Bate, Beatty, Beatey, Betagh, Betty, MacCaffrey, McCaffrey, MacVitty, MacWatty, MacWattie, Watson
Vasco (disambiguation)
Cao (Vietnamese surname)
⁗
Golden & Patriot Passports
Holme
Reginold
MacCawley
Cartwright (surname)
Ranshaw, Ramshaw, Renshaw, Renishaw, Renshall, Ravenshaw
Renshae
Lyon
Exley
Bosio, Boselli, Bossy and Bossie
Kasemets
Concklin, Conkling, Conckeleyne
げん,  グエン
Koftka
Amcaoğlu
Zuo
https://www.lta.gov.sg/content/ltaweb/en/public-transport/mrt-and-lrt-trains/train-fares-and-travel-cards/concession-cards.html
Gilbert, Gilbertson, Giselbert
McGuigan (disambiguation)
Mac Thorcaill, Mac Thurcaill
Stoove, Stufe, Stuve, Stuwe
The Intel 80188 is a variant of the Intel 80186.
Van, Vanns, Avann, Fan, Fann
Lyall (surname)
Ahmet]]
Dissanayaka
Davey (surname)
Reduced Regional Fare Permit
Borovszky
O'Cathasaigh
Smet
邏
Laurence
Achmad]]
Keng
Kraftlos
Pascual (disambiguation)
Weaver, Webbe, Webster, Webber, Webe
Chinese: Tao, Cao, Du
Basch
Pfisterer
Apple A8
Apple A9
Ortego, de Ortega, Ortegón, Ortegada, Ortegal, Hortega, Ortiga, Ortigueda, Ortigueira, Ortigosa, Orreaga etc.
Daniel, Daniells
Apple A6
English: Dann, Dane
Apple A5
MacAuley, Macauley
¡
那
Shane, MacShane, Johnson
Verma, Varma, Varman, Burman
Gold (surname)
Zhou (surname)
Chi, Kai, Gai
Maciejewski
ARM Cortex-X1
Transit Benefit Card
Bennett (disambiguation)
Michaels
Sasaki
Travers (surname)
Luis
Registered personal Lítačka,
·
Blakwode, Blackwud, Blakewood, Blaikwood
Basumatari, Bwisumathiary
Mongan, Mangham, Mangam, Mangin, Mangum, Mangon, Mingame, Mongain, Mongin, Mungan, Mungane, Mungin
¿
Ó Díomasaigh
완/롼, 원
Tung Thong Tang
Ordinary card
Millane, Millan, Miland, Moylin, Mullen
Standard
Yegor
ICOCA 定期券  – rechargeable card with added commuter pass
Briddie
Duke, Dukeson
Concession cards
GeForce 200 series
Wilkens
Ruuttu
MacMullen, MacMillan
Maye, Mayes, Mays, Meir, Meier, Meyer, Mayhew, Maynard, Meynell
Patterson (surname)
MacShane
Feijó, Feixó, Feijido
Lopes , Lupo , Loup , Lupu  López
Fielder
Schreiber (surname)
Wight (surname)
Venn
De Mas
Gouarnic, Goarnigou, Le Guernic, Le Guernigou
McGhee
Vernersen
Chetham, Cheatham, Chatan, Chitham, Chitson
Johansson
Poudel/ Powrel
Michals
Marcus (name)
Chamberlayne (surname)
Nicolai, Nicola, Nicolarts, Nicolas, Nicolay, Nicolau
Toledo (surname)
Lepin
Smit
Aderton, De Atherton, Etherton, Athurtun, Addertone, Hatherton
Kohoutek
Paschal, De Pascale, De Pascal, Pasquale, Pasqual, Pascual, Pascalis
*Paulus 
*Pavlov 
*Pavlović 
*Pavlovich 
*Pavelić 
*Paulsen 
*Paulson 
*Paulsson 
*Pålsson 
*Pálsson
Tng, Tang
Turnbull (surname)
Del Toro, del Toro, Deltoro, Toro
Rajapakse
Talmach, Tallemache, Talmadge, Talmage
E-Fácil
Achmed]]
Maťašovský
Alaa Eddin
Peterson (name)
Brodi (surname)
Looi, Lui
Ådel, Ädel, Ádel, Adél, Adal, Adil, Adiel, Ædel, Édel, Edel
Khateek
Toh, Taw
Cambodian: Tu
Kanna
Meyers
Hearn (disambiguation)
Camron, Camryn, Cameryn, Kameron, Kamran, Kamron, Kamryn, Camren
Linklater (disambiguation)
Concession Cards
Tjeuw, Tjioe, Djioe
Brothie
Brothy
Jensen (surname)
(cs); Jewish: Tellermann, Tellerman, Tellering, Tellerbaum, Tellerroth
Ó Fearáin
Falck (disambiguation)
Dutch: Koek, Koeke, Kokke, Koeck, Koecke, Kocke, Koke, Coeck, Coecke, Coeke, Couck, Coucke, Couque, Coucq, Caucke
Wahlers
; Similar surnames:
Wähler, Waaler, Wahl , Waal; Wahle , Wahlen
Bescou, Bescq, Le Besque
Jayawardhana
Tarjeta Personal
Stark (surname)
Yick or  Yik
: Xu, Kho
Vagner
Richard
Halperin
Wittkower , Vitkin , Vítkovci; Witek , Wittig, Witosław, Vitkovsky, Witkowska
Haine, Hayne, Haines, Hains, Hanes, and Haynes
こどもICOCA  – children's ICOCA
Tehilla, Tehillah
Yeung  Yeong, Young, Ieong
Italian: Giugni, Lugli
Eugene, Owen , Owens, Ewen
Chinese: Tan, Tam
Baecker
Murray, Moray, Murchison, MacMorrow, Murphy, Murrow, Morrowson, MacMurrough
Bodie (disambiguation)
Pattinson
Fielding, Felding, Felden, Feld
Kurzweil
Clouarec, Cloarech, Cloérec, Cloirec, Clorec, Clouérec, Le Cloarec, Le Cloerec, Le Cloirec
Generic Card
Hallowes
Vun
Da Pereira, Dapereira, Pereyra, Pereiras, Pereyras, Perera, Pereire, Peral, Perales and others
P'i
Neves (surname)
Concession
Deane, Deans, Dene, De Dene
Bokunović
Jepson (disambiguation)
Dukes (surname)
Che (surname)
Palomino
Épaignes, de Espaigne, Espinay, Spane, Spainneach, Spaigne, Spayne, de Hispana, Spaine
Rajapakshe
Yeo, Yeoh
Toledani
Rajapaksha
McFadden, McFadyen
Gärtner , Gardner, Gardiner, Gradnik
Bjerkes, Björk
Kuoch( )
Le Guillou, Guilloux, Guillo
Toomingas, Tomingas, Toming
Place names: Vítkov, Witków, Witkowo, Vítkovice, Witkowice, Witkowitz
Eun
Santa Clara (disambiguation)
Johannesen
Heslop, Hyslop, Haeslip, Haslop, Haslip, Heslep, Hezlep
Scheidel
Jenson (disambiguation)
Velemínský/ Velemínská
Ngo
Schreiber, Schrieber, Scriver, Schriver, Schriever, Schriewer, Schriefer, Schrijver, Schreber; Scrivener, Shriver; Deák; Clerc, LeClerc, Clark, Clarke, Clarck, Clerck, Klerk, Klerck; Ó Cléirigh; Sofer
Scheider
Vilotije
MacBrody
Berić
ǃ
Qureshi, Kureshi, Qurashi, Quraishy, Qureishy, Qureyshi, Qurayshi, Quraishi, Qureshy, Quraishy, Qoraishi, Qoreshi, Koraishi, Kureshi, Kureshy, Kureishi, Kourashi, Qurrish, Quraish
Ganț
Tarjeta Multi
Du, Tu
Boenardi, Oenardi, Woen
Eadmund
Hrovat
Conall (disambiguation)
Suvedi/Suberi
ARM Cortex-A710
Fitzmaurice
Jorjiashvili
Feaster
Picard (name)
Lazare
Cardenas, de Cárdenas, Cárdena, Carden, Cardo, Cardenoza, Cardeño, Barcenas
Kimberly
Myers, Myars, Miares, Myeres, MacMoyers
Sofer (surname)
Craft (disambiguation)
Su, Chi, Chee, Swee, Shui
Clibburn
MacCaughey
Neilsen (surname)
Stoneley , Stanly,
Dazey, Dasey, Daisy
McShain, Shane, McShane, Johnson, Jonston, O'Neill
Craughwell, Croughwell, Crockwell, Cragwell, Crogwell, Crachwell, Crachuell, Crackwell
Riep, Repp, Reef, Reep, Reeper, Reepmaeker, Raper
Burgo (disambiguation)
McKay, McKoy, McKey, McKee, McCay, McKie, McGee, Mac Aoidh, McHugh, Hughes, Hayes
Marco (given name)
Yaşaroğlu
Arajs/Araja
Herries
Xing, Hsing
Tsang
Lưu
Diaz , Dias
Giorgi, Di Giorgio, Đorđević, Đurić, Georgiadis, Georgiev, Georgijevičius, Georgiou, Georgiopoulos, Georgopoulos, Gevorgian, Gevorgyan, Gheorghescu, Gheorghiu, Giorgadze,  Giorgashvili, Göransson, Jorgensen, Jorissen, Jurevičius, Jurgensen, Jurgenson, Jurewicz, Jurkiewicz, Kevorkian, Kevorkyan, Yurchenko, Yuryev
∕
Well, Wells
{ }
∙
Petersen
Allaedin
Frommer
Donald, Donaldson , McDonnell, MacDonnell, McDonell MacDonell, McConnell, MacConnell, O'Donnell, Donnell
Tetley
Mass (surname)
Moony, O'Moony, Moon, Money, Moonie, Mainey, Mauney, Meaney and Meeney
Fairley
German: Queck, Quecke, Quäck
Sterling, Strivelynd
Chai, Chak
Wynde
modern Scottish Gaelic:
∶
Free card
Edmonds (surname)
Chui, Tsui, Choi, Tsua
Tsan, Tsaon
Ignjatić
Senior SmartLink
Ignjatović
Karlsson (disambiguation)
Kirs, Kirss
David, Davidian
De Michele, Di Michele, De Micheli, Michaels, Michaelsen, Michalopoulos, Míchalou, Michalovič, Michałowicz, Michelson, Mickelson, Miguélez, Mihăilescu, Mihailović, Mihajlovski, Mihálfi, Mihálffy, Mihálfy, Mihovilović, Mijailović, Mikaelian, Mikaelyan, Miķelsons, Mikhaylov, Mikhaylovsky, Mykhaylenko, Mykolavičius, Papamichail
* Wurm, Lindwurm; Wurmer, Wurmberg, Wurmann 
* Warm, Warmer, Wärmer, Warmberg , Warmann 
* Drach, Drache, Drachmann
Randal, Randel, Randell, Randle, Rendell, Randoll
Jacobsen, Jakobson
Employee ID
Aikin
Adult
Abbatte, Abbat, Abbas, Abad and Abate
May, Mayes, Mays
Hoy (Surname)
Dursun
Obster, Obstler, Hobsbawm, Baum, Frucht, Fructus
Cheri (disambiguation)
Korean: Pong
Eriksen (surname)
Many Variations
Jee
...
Danilov (surname)
Kraftmann
Smythe (disambiguation)
Ó Fionnagáin, Fionnagán
Lucini (disambiguation)
Heilbronn
Alan, Allan,  MacAllen
Mohssen
Konkani: Shenoy
Gunasekara
Currey
Toole, Toal, MacToole, McToole
Buckston, Buckstone, Buckton, Buchanan
Duncan
Halaby, Haleb, Halep, Halepovich, El-Halabi, El Halabi, Elhalabi al-Halabi, Halavi, Halevi
Hsüan, Hsuan
Carpentier
Vyngow, Trevingey, Vingo, Wingoe, Wingo
Ashlee
Đường
Sing
*Pavlov 
*Pavlović 
*Pavlovich 
*Pavelić
Koukal
Di Giovanni, Giannopoulos, Hovannesian, Hovannesyan, Hovhannisian, Hovhannisyan, I'Anson, Ioannidis, Ioannou, Ivanenko, Ivanov, Ivanović, Ivanovski, Janavičius, Jānsons, Janowicz, Jansons/Jansone, Janssen, Jensen, Johansson, Johnston, Johnstone, Jonavičius, Jonson, Jonsson, Johnson, Johnsson, Jones, Jovanović, Juánez
Levato, Levati, Levito, Levetto, Leveti
Tarjeta Azul
Samuelsen
Kirkshaw, Kirshaw
Eachaidh; Eachán; Gahan; McCaughan; Mac Eacháin; MacGaffin; McGaffin
O'Kane, Kane, Keane, Kean, Cahan
Jane (given name)
Alauddin
: Wai
Tannet
Văn
Robeson, Robson, Robinson, Robertson
970970
Johansen
Barton
Sima
Pickard
Akenhead, Akenhed, Aikenhed, Akinhead, Aikinhead
Luzi
: Xu, Hsu, Tsui
Achari, Acharia, Acharjee, Acharja
Thomason, Thomson, Thompson
Aronow
Baillie (surname)
Arnold, Arnauld, Arnoul
Tiết
Viseltear, Vizeltir, Wizeltir Wiesler, Weasel, Wiesel
Chinese: Rong, Weng, Yang
Brydie
Yeh, Yip, Ip, Yap, Yapp, Yeap, Yiapp
Harvey (name)
Satele, Satelee, Sateley, Sately, Saterlaye, Saterle, Saterlee, Saterlei, Satherlie, Saturlee, Saturley, Saturly, Satterlaye, Satterle, Satterlee, Satterlei, Satterleigh, Satterley, Satterly, Shatterley, Shitterley, Sittelee, Sitterlee, Soterle, Soterlee, Soterlega, Soterlegh, Soterlei, Soterleigh, Soterley, Soterly, Sotterle, Sotterlee, Sotterley, Sotterly
Tanne, Tannenbaum, Jedlík, Jedlička, Jedliček
; Related place names:
* Jedlicze
Zier ; Zierl , Zierle, Zierlein; Zierold, Zierhold, Zierholz, Zierholtz; Zierfuß ; Ziernhöld, Zirnhöld, Ziernheld, Zirnheld; Zierhut, Zierhuth; Ziervogel, Ziervogl
Freedom Pass
ː
Kiss (surname)
Jovanović
ˑ
Hanson (surname)
German: Schumm
Yeniego, Yenigo, Yeniguez, Ynigo, Ynyéguez, Yñiguez e Yñiquiz
Swargiari
˜
Bajramović
Saint Michael (disambiguation)
Jia
Medicare
Kotler
Morrice
tzôrēf, e.g. Joshua Heschel Zoref, Amir Tzoref (he), etc.
⋮
Adult Cards
⋯
U-Pass/College Pass
Uschi, Usch, Urs
MacEwen
Evans (surname)
not related but similar forms: Plesser, Plessers, Plössl
Urchardan; Uhrchardan
Baro, Borosa, Bodo
Alpha
Fath Allah, Fathalla
Irish: McGann
Oaks
German: Boehm
Tanković
Ahmat]]
Skujiņš
Leung, Leong, Lyang, Nio
O'Keefe, Keeffe, Keefe, Keif, Keifer, Keever,
Hoag, Hogue, Hodge, Hogg, Hoig
Fromme
Bakster, Baxstar, Baxstair, Baxstare, Baxster
Zou, Tsou
Schaefer, Schafer, Schaffer, Shaffer, Schafferre, Schafer, Schäfer, Schäffer, Schefer, Scheffer
de Jesus
Kaye
Tarjeta Infantil
Lieu
Schneider (surname)
Hiōng
Everiy, Everye, Evry, Everie, Evarie, Avery, Avary, Yvery
Münzer
O'Casaigh
Chinese: Su
Dang
Chwatal, Chvátala
Dunn, O'Dunne, O'Dunn
Hsia , Ha
Chinese: Tiān ; Tīm
Schreiber, Schrieber, Scriver, Schriver, Schriever, Schriewer, Schriefer, Schrijver, Schreber; Scrivener, Shriver; Deák; Clerc, LeClerc, Clark, Clarke , Clarck, Klerk, Klerck; Ó Cléirigh; Sofer
Deitch
Zarin (disambiguation)
Uibu, Uibopuu, Õun, Õunapuu, Õunpuu
Camarran, Camshron, Chamarran, Chamshron
Sachs
Wen
Visitor
Stephen (surname)
Toyose, Omotoyosi, Oluwatoyosi
Smeets
Caradec'h, Carradec, Caradeuc
Lõhmus
Townshend, Townend, Thounhende, Tonsend, Touunend, Tounende, Touunsende, Towneend, Townsende, Townesende, Townesend, Tunsend.
GeForce 16 series
Fitz Maurice Fitzmorris
Heilbronner
Navarro, Navaro, Navarijo, Najara, Najera, and de Najera
*Paulus 
*Paolucci/Paulucci/Paoluzzi/Pauluzzi/Paluzzi 
*Pavlov 
*Pavlović 
*Pavlovich 
*Pavelić 
*Paulsen 
*Paulson 
*Paulsson 
*Pålsson 
*Pálsson 
*Paulino
Disney Quick-Service Dining Plan
Lữ , Lu, Lv, Lyu, Lui
Schmuck (disambiguation)
Chi, Kwai
MacEachainn
፡
Castanheda
፤
Paracha, Peracha, Pracha, Paracha, Peratcha
Zimmermann (disambiguation)
Grčinić
Bossi, Bosio, Bossy and Bossie
Chari (disambiguation)
Ogilvie, Ogilby, Oglesby
Reading (disambiguation)
Pregnant and obese
Man, Mann
Dane (name)
Frentzel, Frencel and Frencl
Falke (disambiguation)
John (given name)
MacClannachan, MacClenaghan, M'Clenaghan, McClenaghan, McClanaghan
Zarate
Copinger, Coppenger, Copenger, Coppynger, Copinsher
The Intel 8088 is a variant of the Intel 8086.
Two: Royal Australian Navy, Royal Navy
Garci, Garza, Garcia, Garcés, Garcicea, Garciandia, Gassie, Gassion, Gaztea
Kivimäe
Aatif
Scriver
Ullman
Donn (given name)
Spelling variation:
Antoine
Ó Tormadha
Chinese: Guo, Kek, Kuek, Kwek
Virta (disambiguation)
Tetlaw
Teutsch
Digital wallet
Youth
Falcó
Abercrombie (surname)
Mäkelä
Sicinius
Koh, Khoh, Kho
Kodera
Heng
Lomas (surname)
Ioannidis
Carvill, Carvel, Carvell, Carvil, Carvile, Carville, Kervel, Carvaile, Carwell and numerous others.
Jacobson, Jacobsen
Yuwen
MacEachern (surname)
Chinese: Lui, Loi, Louie
Disabled/Senior Citizen Reduced
Pihla
Akhmed]]
Meyers, Myars, Myres, Miers, Miares, Myeres
Mäkinen
English: Kirk, Kirke, Kyrke, Kirt, Kurk
Landsdale, Langsdale, Lansdell, Londsdale
Trimble (disambiguation)
Reddin
Connelly (surname)
Smigelschi, Smigielski, Śmigelski, Szmigielski
Ang, Vang, Waung, Wong
Harries
Hollman, Holeman
Xiao, Hsiao
Fareeha
Corporate/Employee, Disabled, Student, & Senior Reduced Fare
Stein (surname)
Hewish
Seol
Hadad
Zimmermann
Lam, Nam, Na, Nah
Donnell, MacDonell, McDonell, McConnell, MacConnell, Donald, MacDonald, McDonald, Donaldson , O'Donnell
Laura
Hvid, Hviid
Pärn
Sanford, St Fort
Sagaya
Rodigrue, Rodriques
Navarra
Michels
Lowenstein (disambiguation)
Klopfer, Kloepfer, Klepfer
Cormack, MacCormack, McCormick, MacCormick, Cormac, Cormach, Cormich, Cormiche
Wynder, Windere, Winderes, Winders, Windhere, atte Wynde
Dick, Dixon, Dickson, Richardson, Richards, Richard
Senior-Disabled-Medicare Compass Card
Tikkanen (disambiguation)
Shue, Shea
Aiken (surname)
Corporate Card
Michelson (surname)
Clarck
Fernandes
Yiddish: Kamm
Velázquez
Kovka
Child/Youth
Burke
Breckinridge
Harrison (name)
Knollys, Knolles, Knoll, Knowle, Noll, Noel, Nowell
Burke, Burgo/de Burgo, de Bourgh
Rainshaw
See
Broddie
Narjinary
Ahmadu (disambiguation)
Youth Clipper card
Laurent
Gray (surname)
Bekir
Eachann; Hector ; Hekter
Kmochan
Aonghus (given name)
Jimenes, Giménez, Gimenes, Ximénez, Ximenes, Ximenis, Eiximenis, Scimemi, Scimeni
Trible (surname)
Glöde, Gloede, Glodde, Glaede, Glade, Glede, Glude
Tkalec
Fergusson (disambiguation)
Macauley, MacAulay, McAulay, McAuley, MacCamley, McCamley
Cantonese: Jew, Chew, Chiu, Chu, Jew, Jue, Siu, Tsiu
Modrič, Modric, Modrich, Modritsch, Modrick, Moderick,
McCune (surname)
Kim (Korean name)
Stephenson
Kue, Koay, Lwek, Quek, Kwik
Cheung
Breadie
Bate (surname)
Gupta, Dasgupta, Duttagupta, Kargupta
Adult Compass Card
Gardipee
Pihlakas
Kukal
Conner
Jui
Timmermans
Delmas
Smekja, Smeća
Künnapas, Künnapuu, Künnapu
Nguang
Smith (surname)
Auto-Reload Card
Hines, Hyne, Hynes, Hind, Ion, Hayne
Dongfang
Suchomil
Rackevičius , Rachkevich, Ratskevich , Rackiewicz, Raczkowski, Rackowski , Rackowicz, Racki , Ratsker , etc.
; Similar surnames:
* Racewicz 
* Raczewski
Chinese: Lin, Lan, Lam
Koskinen
Cherri (disambiguation)
Zaręba, Zarębok,  , Zarębowicz , Zarębowski, Zarębiński,
Janowicz
English: Young
Grason (disambiguation)
Bear (surname)
Achmat]]
VEGA AS2161
Aarons, Aaronson, Aaronsohn, Aron
Starker
Regular
English: Chinn
Johnson (surname)
Mangan, Mangham, Mangam, Mangin, Mangum, Mangon, Mingame, Mongain, Mongin, Mungan, Mungane, Mungin
Ogilvy, Ogilby, Oglesby
풍
Alperin
Ventra Ticket
* PowerPC 750CXe
Ee, I, Yi, Ri, Rhee, Rhie, Reeh
Pane (disambiguation)
Sierakowski
Duran (surname)
Haugen (surname)
Verner (disambiguation)
Durell (disambiguation)
de Fay, du Fay, Fahey, Fahy, Faye, Fee, Foy, Fey , Fye.
Gao, Kao
Johnny
Pokeler
Luzio
Nisbeth, Nisbett, Nesbit, Nesbitt
Huggins (disambiguation)
Stansfeld, Stanfield, Standfield, Stancefield, Stansfeild
Rutledge, Ratledge, Ruttledge, Rutlidge
Jones (surname)
Zayd
Kho, Khor, Khaw, Ko
Nokia 5700
Vrydach, Freytag, Freydag
Sit
Caird
SingleRide
Gunewardene
Adult cards
Duffeld, Duffell, Duffill, Duffitt, and others
Pfenninger
Clerk (surname)
Villallonga, Villali, Villalgordo, Villalba, Villalain, Villalbazo, Villalbos, Villalobas, Villalobo, Villaloboz, Villalohos, Villalabos, Villatoro, Villaire, Villa-Lobos, and Bialobos
Allright, Oldwright
Eachaidh; Eochaidh; Mac Eachaidh
Mandušić
Kehoe
Jackson (name)
Garvey, Garvine, Garven, Garavin, Garvan, Girvin, Girwin, Garbhán
Breaddie
; Anthony
Pokhrel, Pokharel, Pokhariyal
Henry
Wayne (surname)
Jansson
David (surname)
Slezák, Ślęzak and Ślężak
Krafft (surname)
Bosanac
Snoddy (surname)
Mac Amhalaí, Mac Amhalaidh, Mac Amhalghadha, Mag Amhalghaidh, Mag Amhalghadha
McCain, O'kane, Mckeane
Vièri, Olivièri, Olivieri,
Yan, Yen
Paddock, Parrock, Padwick
McFadden, MacFadyen, McFayden, Mcfadyen
Ughrón
Lim (surname)
Athdare, Adair, Adare
O'Higgins (disambiguation)
Talíř
Brady (surname)
T-money Mpass
Achmet]]
Aguerre, Aguirra, Aguirra, Aguirri, Daguerre, Izaguirre, Yzaguirre, Eyzaguirre, Zaguirre
川崎, 川﨑, 川嵜, 河崎
Weng
Ashkenazi: Gang
Robel]]
Freedom Share Card
Hausler, Häussler, Hausner, Häusner
Rodgers
Carlsen (name)
Clarke
Henig (disambiguation)
Michaelson
Sma
Lane Fox (surname)
Chinese : Lei, Lui, Louie
Chi, Kei
Georgina (name)
Davies
Thorton
Walsh, Walshe, Welch; German cognates: Welsch, Walsch, Walch
Anonymous Lítačka.
Ibsen (name)
Bengali: Sen
Hong, Yoong
Divovich, Divovic
Hawkins, Hawking
Hernández
Kwong, Kuong, Kwang, Quong, Kong, Khong
Higginson (disambiguation)
* Haznedar
* Haznadar
* Hazinadar
* Khazindar
* Khaznadar
Jenson (name)
Mackenzie (surname)
MacIvor, McKeever
Čáslav, Čéslav, Czasław, Czesław
MacGillacuddy, MacGillecuddy, MacGillycuddy, McGillycuddy, MacIllicuddy, MacElcuddy, MacElhuddy, Mac Giolla Coda.
Topaloğlu
Samuelson
Antonio
Bähr
Bridie (surname)
Handrahan, Hanraghan, Henrehan
Antonis
Jonsson
Eliasson
Shikoku ICOCA - this card is sold by JR Shikoku
Amélie (given name)
White (surname)
Similar forms:Kavka
Baxter, Mac a' Bhacstair
English: Yoe, Youe
Johnson
: Cui, Tsui
Borovsky (disambiguation)
Galperin (disambiguation)
Konnor
Fernandes, Fernández and Hernández
Bennett, Benoit
Man/Ban
Rüdiger
Fruchter,, Früchter , Fruchtner, Fruchtler, Fruchtbaum, Fruchtenbaum, Fruchtmann , Fruchtenmann, Fruchtermann, Fruchtsam, Fruchthändler, Fruchtenberg, Fruchtenbrod ; Obst, Obstbaum, Hobsbawm; Blumenfrucht, Goldfrucht, Gottfrucht , Rosenfrucht
; Similar surnames:
* Furcht, Fürchtner, Fürchtegott, Furchtgott
Arm Neoverse N1
Stine
Lardge, Lurge, Larg, le Large, de Large
Göbbels, Goebels
Fula and Wolof: Tyam, Chiam, Cham
Budhathoki
Elksne
Penny, Pennie, Penne, Pyne, Pynne
Albers
Lévy
Henderson, McHenry, McHendrie, McHendrick, McKendrick, McKindrie, McHenri, Mac Eanraig and Mac Einri.
Beal (disambiguation)
Ivanov (surname)
D'Andrea, Andersen, Anderssen, Andersson, Andersonne, Andersons, Andersoun, Andirsoone, Andrásffy, Andrásfi, Andreadis, Andreasian, Andreasson, Andreasyan, Andreescu, Andreessen, Andreiescu, Andresen, Andresoun, Andresson, Andreou, Andrewson, Andrejević, Andrejavičius, Andrejevičius, Andrejić, Andrejsons, Andrzejowicz, Andreyev, Andriadze, Andriashvili, Andrić, Andriyuk, Andriyenko, Andriyiv, Andrijašević, Andrijavić, Andrijević, Androson, Ondřejovič, MacAnndrais
Pilc , Pilzer; Pils, Pelz , Pels
Hawo
Staffort
Shū
Hopkins, Hopkinson
Filib; Philip; MacFhilib; MacPhilip
MacCasey
Bibas
Pfister
Knight (surname)
Chinese : Mai, Mak
[[#Fares
Chi, Kat, Gil
Tiao
Taggart (surname)
Mason (surname)
Clerck
Chao (surname)
Basnyat, Basnet
Limited-use Muni ticket
Fairchild (name)
Aaku
Lévi
: Fei, Fai
Ping
Chinese: Dou, Tuo, Tao
Jasarevic
Hsüeh
Kersley, Kereslie, Kiersley
Chinese : Li, Lai, Lye
MacMhuirrich
־
Kay
Jayewardena
RuPay debit card
Corry
GeForce 800M series
Do Amaral
Scheidler
Wagoner (surname)
Jansons
Davidson, Davis, McDaid, Davson, Davisson, Davids, Davieson
Faulk (disambiguation)
LeClerc (surname)
Limited-Use Ticket
Stuart, Steward, Steuart. Stewert, Siewert
Morton
Van Dijk
Whyte (surname)
Jansone
Fitzstephen
Un, Yuen
Anson
Odland
Karlsen, Carlson, Carlsson and Karlsson
◦
Sachsen
Lupo , López , Lopes , Lupu
Aharon (given name)
Shane, McShane, MacShane
Aalbers
Uibo, Uibu, Õun, Õunapuu, Õunpuu
Addams, MacAdam
Abrahamson
Mäki
Richards, Richison, Richson, Dickson
ORCA Youth Card
Bike CharlieCard
Mark (given name)
Wegner
Mackenzie (given name)
De Smet (surname)
Sternberg (surname)
Yiddish: Keyle
Lanz, Lanze, Lantze, Lanitz, Land, Lanzo, Lando
Gregor (surname)
Wilson (surname)
Tiêu
Schmidt, Schmiedt, Schmitt, Schmitz
Mänd
Pattison (surname)
،
Olivièri, Olivieri,
Ferguson (name)
Apple M2
Apple M1
Hùisdean; Uisdean
Steorra, Stjarna, Sterre, Starre
Kheng
Free (surname)
Apple A10 Fusion
Garibay
☑
Davison (surname)
Gallego (surname)
Parry (surname)
Šolc (disambiguation)
Extended-Use Card
؛
Devriese, de Vriese, de Vrieze
Kück
؟
Alaudin
CharmCard
Klein (surname)
Toom (surname)
Levy
Reitman, Roiter, Roitman, Roter, Rothchilds, Rothe, Rotheman, Rother, Rothert, Rothman, Rothmann, Rothbaum, Rothnie, Rothbauer, Rothchild, Rothschild, Rothwell, Rott, Rottman, Rothin, Rothfuss/fuß
蘿
Grantham, Grahame, Graeme
Pieris
Posser, Pocer, Pozer, Pozera, Pozzera, Pozzerle, Fugazzer, Fugazzari, Fugacer, Fugazer, Fugazari, Fogazzaro, Brandeller, Brandeler, Bràndeler
Chinese : Ma, Mar
Mac Aodhagáin
Złotnik
Apple A5X
Bun
Andrushyn
Turnor, Thurner, Tourner, Tournor
Whilde, Wylde, Wyldes, Weald, Weild, Weld, Welds, Wyeld, Wield
Tkach
Bokunić
Haberlin
' '
Tkacz
Reddington (disambiguation)
male form: Xiomar, Siomara, Guiomara, Jhomara
SmartLink Gray
DeNicola, DiNicola, McNichol, McNicholl, McNicol, Mikołajewicz, Mykolayenko, Mykolenko, Nichols, Nickel, Nickell, Nickelsen, Nickelson, Nickson, Nicolăescu, Nicolescu, Nicol, Nicoll, Nicolson, Niculescu, Nielsen, Nigogosian, Nigogosyan, Nikogosian, Nikogosyan, Nikoladze, Nikolajević, Nikolaou, Nikolayev, Nikolayevsky, Nikolaou, Nikolić, Nikolopoulos, Nikolov, Nikolovski, Nilsen, Nilsson, Nixon, Papanikolaou
GeForce 100 series
Apple A6X
Antony
Coinneach, Mackenzie (given name)
Warner (disambiguation)
Luzzo
« »
Luzzi
Fry (surname)
Connor
Hadodo
Connors (disambiguation)
English: Noy
McFayden, MacFayden
Chamberlain (surname)
Dutch: Mock
Michalke
Jõeääre (disambiguation)
Off-Peak Travelcard
Lara
Cochrane, Cocrane, Cocran, Cochren, Cockram, Cockran, Cockren, Cochern, Colqueran, Coughran, Cofran, Coffran
Bushon
McEachern (surname)
Makory, MacTorin, MacKoury, MacToryn, McThoryngt, M'Corrane, M'Corrin, McCorryn, McCoryn, McCorrin, McCorran, MacOran, Corean, Corran, Corine
Seivane
Fuchs (surname)
Nemetz
Trang
Deutch
Kücken
Peng
Bajram (disambiguation)
Ahmot
Vedad
Alaeddine
Lee, Lei, Lay, Lie, Liy
Apple A15
Apple A14
Old Irish through Middle Irish and Middle Gaelic:
Personal bank-issued credit or debit cards
Apple A12
Sedláček
Apple A10
Radeon RX 5000 series
Baghlary , Moosahary
Bošnjak (surname)
Bridye
Apple S1
Ravenshaw
68
Clyne (surname)
Chia, Shia
Lucchi
Valke (disambiguation)
Pfenning
Kaasik
Lai, Lye
Disability
Broadie
Andriyenko
Zou (surname)
Trâu
Amalka (given name)
McArthur (surname)
Monahan, Monagas Monagan
Luccini
Chi, Kat
Xyooj
Levi, Lévi, Lévy; Lewy, Lewi, Lewj ; Weil, Veil, etc.
Taher (name)
Chi, Kap
Fitzsimmons, FitzSimons, FitzSimmons
Hauge (disambiguation)
78
Alā'-ud-Dīn
Connolly (surname)
◌̸
Suter, Sauter or Sautter
Benedict, Benoît, Bénet
Spruce (disambiguation)
◌̶
◌̷
Koler, Koehler, Kolar, Koller
꛶
Thailand Tourist Pass
Zhou (, Chou )
Radeon HD 8000 series
To, Tou
Cole (name)
Kimberlee, Kimberleigh, Kimberley
Xhan, Shan, Shen
: Wui
✅
Ramalinga
Davis (surname)
Zarember
✔
Ruan, Juan
Toisan: Fong, Fhon
Child
Gnesz, Gniesyn
Schreiber, Schrieber, Scriver, Schriver, Schriever, Schriewer, Schriefer, Schrijver, Schreber; Scrivener, Shriver; Deák; LeClerc, Clerici, Cloarec, Clark, Clarke , Clarck, Clerck, Klerk, Klerck; Ó Cléirigh; Sofer
Wegener (disambiguation)
Apple T2
Smith
Pamalioti
Smits
Saint Clair (disambiguation)
Eberlein
Jan (name)
Niemiec
Chân
Macquarie, McQuarrie, Macquarrie
Tse, Tze, Che, Jay, Der
Freedman
Aickin
KIPS ICOCA  – this card is sold by Kintetsu
Gailis
Châu
Bành
Pieters
Dumas (surname)
Goonewardena
Behunek
Ahn (surname)
Goonewardene
Zakharchenko
Pasch (surname)
Irish:
Michalek
Zilva
Wagener (surname)
Schönmann
Edmunds (surname)
Chao
Fung, Foong
. . .
Chaudhary, Chaudri, Choudhary, Chaudhry, Chowdary, Chowdhary, Chaudry, Choudary, Choudhry, Chaudhuri, Chaudhari, Chudhry, Choudhari, Choudhury, Chowdhuri, Chowduri, Chaudhurani, Choudhurani, Chowdhurani, Chowdhrani, Choudhrani, Chaudhrani.
Redden (disambiguation)
McKeogh
Anytime Travelcard
Ante
Harry (surname)
Wainewright, Wainright, Waynewright, Wainwrigt and Winwright.
Taishi
Lozach, Lozac, Lozachmeur, Lozac'hmeur, Lozech, Lozec'h, Lozec, Lozarc'h, Lozeach
Piccardo
Honigberg
Koo
Radeon X700 series
Chong, Cheong
Dahl, Dahlen, Dahlem, Dallen, Dahlin, Dahlstrom
Chetham, Cheetham, Cheatham, Chatan, Chitson
Alecia, Alycia, Alisha, Alesha
Hawrth, Hourth, Hearwarthe, Huarth, Howarth
Halpert
꞉
Halpern
GeForce 700 series
Le Quellec
Bohara, Bohora,
Zepelin, Zeppelin
ꞏ
Gamma
Nieczuja coat-of-arms
; Related place names:
* Chłopice
Katz (name)
Anto
Hanradhan
Edmundson (disambiguation)
Eatmon
Jia, Kar
Haraminić, Haraminčić, Haramina, Haramin, Harambašić, Aramija, Harami, Arami
Chinese: Chen, Jin, Qian, Qin
Castel
Persons with disabilities
Kupka
Priestly, Pressly, Pressley
Alaattin
Cao
Sherry (disambiguation)
Stjepanović, Stefanović, Stevanović, Stepanović, Stipanovich, Stepanovich
Fares, Farez, Fretz, Peres, Peris, Peretz, Pesidas, Pharez, Pretz, Pritz, Peters
Von Tottleben
Borowice, Borovichi, Borovnice, Borovnička, Borovsk, Borovsko etc.
Monedero card
, Keough, Keugh, K'Eogh, Kehoe
Apple A8X
Phùng
Chea
Arecha, Arechaga, Arechiga, Arechavala, Arechuleta, Areche, Arechea, Arechu
Dwimary
Armistead, Armitstead, Armystead, Armstead, Olmstead, Ormstead, Ampstead
Saks (Surname)
English: Quick
Kam (name)
Ádhmall, Áḋmaıll, Ui hAdhmaill, Ó hÁḋmaill, Ó hAdhmaill, O'hAdhmaill, Ui hAghmaill, Ó hÁghmaill, Ó hAghmaill, O'hAghmaill, O'Hamill, Hamill, Hamil, Hammill, Hammil, O'Hamell, O'Hammell, Hamell, Hammell, Hammel, Hamel, Homill, Hommill, Homil, O'Hammoyle, Hamilton, Hamiltone, Hamall, Hammall, Hamaill
ap Popkyn, Hupkens, Hopkin, Hopcyn, Hopkinson, Dob(b), Hob, Hop, Nob, Rob, Robb, Robin, Robbins, Robinson, Popkyn, Robert
Szulc (disambiguation)
Chinese: Zhou, Zhao, Qiū, Qiú, Chiu
Litvak, Litwack, Litwak, Litvish, Litvin, Litwin, Litwinowicz, Litvinov, Littauer, Lytvyn
Karaklaja
Koffke
Nalbandian
Goonasekera
Apple A9X
Model 1905 carbine
Chinese : Bai, Bak
Thomas (surname)
Ahmed
Sooth
Karlson (disambiguation)
Xu, Hsu, Shyu
Transport for West Midlands
MOS 8500, 7501/8501, 8502, 6510T
Alberts, Albertsen
Séamas
Michaelsen
Roparzh, Ropart, Ropartz, Roparz, Roper, Ropers, Ropert, Ropertz, Roperz
Sax (surname)
See the navigation box at the bottom
Wilkin (surname)
Greenwode
Dijkema
Le Deunf, Le Deuf, Le Deuff, Le Doeuf, Le Doeuff, Le Dunf, Le Dunff, Le Dun, Ledeun
Cho, Chuo, Cheuk, Toh, Chock, Chuk, Cherk, Chak
Pasternack
Le Mezek
Karky, Kharki
Harris (surname)
Kachō
Chéri (disambiguation)
Chinese: Pan
Loc,  Lock or Locke
* Gans, Ganss, Gansz
* Ganzer, Gantzer
* Ganser, Gansser
Bird , Byrde, Bride, Brid, Bridde, Le Byrd, Le Brid, Le Bridde
Hoel
Vakhovsky, Wachowicz
Collins (surname)
Paulson
Riagán, Ríogáin, Ó Riagáin, Ó Ríogáin, O Regan, O'Reagan, O'Regan, Riggin, Riggins
Hoey
Kuffka
POP card
Well, Welman, Welles, Wellman and Wellsman
Senewiratne
Battye
Dore (disambiguation)
Chin
Akin (disambiguation)
Abel (surname)
Cormack, MacCormack, McCormack, McCormick, MacCormick, Cormac, Cormach, Cormich, Cormiche, Cormack, Cormick
Macleod, McLeod, M‘Leod, MacLot, McCloud, MacCleod, McCleod
Charron (disambiguation)
Meyer (disambiguation)
Guerepy
Aird, Ayrd, De Ard, De la Ard, De Lard
Tang Tung Ting
Fernández, Fernandici, Fredenandiz, Ferdinandsson, Hernández, Hernandes
Sailcirc; Shailcirc
Wither, Wyther, Withars, Wider, Widder, Wythe, Weathers
Emery
Ewan
VEGA AS1161
Joffe
Bryde (surname)
Senanayaka
Borovška
Stansfield, Stansfeld, Standfield
Mounter , Monteer, Mounteere, Mountar, Mountere, Monter, Menteer, Mountier, Montare, Manter, Montier, Monteir
Kuwar, Kuar, Kaur, Kanwar, Kunwar
Borovški
Hawking, Ó hEacháin, Mac Eacháin, Háicín
Bossi, Boselli, Bossy and Bossie
Delta
Tonini
Maas (surname)
Pan
Cha
Zacharias (surname)
Reding (disambiguation)
Chi
Lao, Lau, Yeow
Ó Braonáin, Ó Branáin
Khayat
Chung, Jung, Jeong
Néné, Nené, Nenê and Nenè
Cincarovski
Sorca
de Bourgh, Burgo/de Burgo
Schwerter
Season ticket
Kym
Ek, Yee
de Saint-Clair
Devriese, de Vreese, de Vrieze
*Boghossian 
*De Paolo, Di Paolo, Paolucci/Paulucci/Paoluzzi/Pauluzzi/Paluzzi 
*MacPhàil 
*Mac Phóil, Mac Póilín 
*Pálffy, Pálfi 
*Paulavčius, Paulovičius, Pavlavičius, Pavlovičius 
*Paulus 
*Pāvilsons 
*Pavliashvili 
*Pavliv, Pavlenko 
*Pavlopoulos, Pavlou 
*Pavlov 
*Pavlovič 
*Pavlović 
*Pavlovich 
*Pavelescu, Paulescu, Pavlescu 
*Pavelić 
*Pawłowicz  
*Paulsen 
*Paulson 
*Paulsson, Pålsson 
*Pálsson 
*Poghossian
Arizmendi
McGaughey
Wan, Wee, Ng, Guan
Cherie
Bowman, Archier, Fletcher
Sa, Sha, Xia, Ha
Ekanayaka
Translations
Murchadh, Murphey, MacMurphy, MacMurrough, Morphy, O'Morchoe, O'Murphy, Ó Murchú, Murray, Morrow, MacMorrow, Murfoir, Murpy, Morfin, Murfin
Orlovčić
Eachán; Gaoithín; Gahame; Mac Eacháin; Mac Gaoithín; Ó Gaoithin; McCaughan; MacGaffin; McGaffin; MacGahan; McGahan; McGeehan; Wyndham; Wynne
Shultz
Jayawardena
Németh
Di Giovanni
Hawrth, Hourth, Hearwarthe, Huarth, Howorth,
Tạ
Howey
Alpert
Saksida
Ewen
Šarančić, Šaranac, Šaran, Šare
Fraiser, Frasier Frazer, Frazier
Pagan (name)
Ewings
Gjon, Gjok, Gjin, Gjovan, Gjovalin, Johan, Jovan, Ivan , Đonović
Picar, Picascia, Picaso, and Picazo.
Maddison, Madisyn, Matheson, Mathieson, Mathison, Matthew
Rajathurai
Quinn, Hartigan, Norton and Behan
Peh
Nemeth, Német, Nemath, Namath, Nemet; Němec
Pei
Maurice
Chinese: Gu , Ju , Qu
Ingeram, Ingelham, Ingyon
Jayawardene
McCready
Alison, Alinson, Allinson, McAllister, MacAllister, Ellison
Koleva, Nikolaj, Kolio, Nikola
Anonymous Opencard
Howel
Xu, Hsu
Atcock, Hadcock
* meaning: 'Adam's son' or 'offspring of Adam'
Allston, Alstone, Alliston, Elliston, Elystone
Teschau, Toschew, Tischow, Teshow, Taschow
Jenkin, Jinkins, Jenken, Jankin, Siencyn
Chou
Tng
Chow
Stored-value card
Harlin
Pangestu
Chicago Card Plus
Discounted card
Brokensha, Brokenshaw
Sih，Siek
Senior-Disabled-Medicare
Eugene, Owen , Owens, Ewen , Bowen, etc.
Casey (surname)
Bus & Tram Discount
Metropass
Seniors
Giordani, Giordan
Horváth
Ko, Kou
VEGA ET1031
⟨ ⟩
MacCauley
Student
Carter (name)
Mac Rághnaill, Mac Raonaill
Brahmin
Acerbo (disambiguation)
Hy
Mazurkowa, Mazurkówna, Mazurkowie, Mazur, Mazurka
Senior
Allma, Almah
Hudáček, Chudák
P'an, Poon, Phoon, Pon, Pun, Phua
Guivarch, Guimarch, Guiomarch, Guyomarch, Guyomarc'h, Guyomard, Guyomart, Guiomard, Guionvarch, Guyonvarch, Guianvarch, Guyonvarc'h, Guiavarc'h
Ivanovski
In
Phi, Phe, Phee
Redington (disambiguation)
Johnsson
Broady
Altsaar
Carpenter (surname)
Baer
Carl, Carlin, Carly, Carline, Carlina, Carla
Ozoliņš
Kohut
Purdie
Bogdan
Jephson
Ji
Ó Tomhnair, Ó Tomhnra
Zimmerman (disambiguation)
Antun
Pleßner, Plesner, Plešner, Platz, Pless, Plöss;
Ju
Teng, Deng
Limited-use Golden Gate Ferry ticket
Santhiago
Niemi
Hovhannes, Hovhannisian, Hovhannesian, Hovannesian, Oganessian
MacVurich
Edmondson (surname)
Lau
Howle
: Cui, Chui
Allen, Allan, Alan
Borowicz
Laughlin/Loughlin, McClaughlin, McGlothin, McLachlan/MacLachlan,  McLachlin, McLauchlan, McLauchlin, McLaughlan, McLochlan, McLoughlin,      MacLaughlan,
D'Arby, d'Arby, D'arby, Derby
Shing
Gyim
Durmuş
Kapur
Lucioni
Chinese: Guo, Kek, Kerk, Kuek, Kweh, Kwek
Hare (surname)
Napper
Nortown, Nortone, Nortun, Naughton, Naughten, O'Naughton, O'Naughten, Neachtain
Vertical Launch
Lūi
Willson (name)
Cómhaltáin
Michaelson (surname)
Tso
Aho (name)
Benedict (disambiguation)
Wickramasinghe
Tsu
Hore
Enriquez
Teng Tang
DeVries, Devries, Vries
Latsis
Xie, Hsieh, Tse
Donaldson, MacDonald, McDonald, Macdonald, MacDonnell, MacDonell
Disposable e-ticket
Honigbaum
National Express West Midlands
Hewin and Hewins
Löwe (disambiguation)
O Rogan, Ó Roghan, Rogan
Houghton
Yang, Yaung, Kaung
Rutger
Nalband (tribe)
[ ]
Amadou (disambiguation)
Model 915 and Model 910
Bus+Bus
Jonson
Wainwright (name)
Koskela (disambiguation)
Lei
Cole, Colles
Johnstone (surname)
Kwak  Kaku
Sherie
Gupta, Sengupta, Duttagupta
López , Lupo , Loup , Lupu
Ozolin
◌&#x0303;
Young/Yong/Yang/Wang
Van Osterhout, Van Oosterhout
Sova
Teo, Teoh
Ivanović
Vogelsang (disambiguation)
Weekes, Wicks, Weech, Week, Weeke, Wich, Wych, Weetch, Wick, Wickes, Wix, Wike, Witch, Wykes, Whick, and Vik
O’osemwonta, Osemwonta, Asemwota
Voss (name)
Sherrie
MacGowan
Beta
Pain (disambiguation)
Zimerman
Bate, Beattie, Beaty, Beatey, Betagh, Betty, MacCaffrey, McCaffrey, MacVitty, MacWatty, MacWattie, Watson
Shery
Kunze
Ala ad-Dunya wad-Din
こどもICOCA 定期券 – children's ICOCA with added commuter pass
ORCA LIFT
Běhoun
Dykstra
Scottish: Marr
Chinese: Yang, Yeung; Yao, Yiu
Anton
Zhia, Zia
Heilbron (surname)
Kufka
Chau, Chao
McGregor (surname)
Albertson (name)
Australian Seniors Card
Lester, Lestor, McInlester, McLeister, Laister, Litster, Lidster, Ledgister Ledster
Willeit, Wilhite, Wilhoit
Macauley, McAuley, Macamley, MacComley, McComley, McAmley, MacAmley
Clan Septs:
Cholop, Chłopek, Chlápek, Chlapek, Chłapowski, Klopsch ; Knab, Knabe, Knapp, Knappe, Knape, Knebel
Spahija
Luk, Lek, Leck, Loke, Look, Luke, Loh
Trifković
Frantz (surname)
https://www.ezlink.com.sg/ez-link-wearables
Vos (surname)
Battey
Pascal (disambiguation)
Yaj
Ó hEanaigh, Eichnech, Eochaidh,  Eicnig, Ó hEinigh, Ó hÉanaí, O'Heaney, Hegney, Heagney, O'Hicknie, O'Hicgnie, Haigney, O'Hicknie
Åsum, Aasum, and Aasumb
Sainclair
Yao
Aaron
Gough, McGough, Goffstein
Bennet (disambiguation)
Fein , Feine, Feiner, Feinert, Feinbaum, Feinblatt, Feinbruck , Feinbuch , Feinglas , Feingold , Feinknopf, Feinkohl , Feinkopf, Feinkuch , Feinmann, Feynman, Feinsilber, Feinsinger, Feinstadt , Feinstein, Feintuch , Feinwachs ; Schön
; Similar surnames:
* Feinschel
* Feingenbaum
* Feind , Feindel, Feindl, Feindstein
* Fehn
* Feimann, Faimann
Caomhánach, Kavanagh, Kavanaugh, Cavanaugh, and more.
''[[#see also
Trenholme, Trenholmn, Tranholm, Trenham, Trennum, Trenghans
Ó hAilechain, Ó hAleagain, O'Halligan
Kraft
GeForce 20 series
Bong, Vuong
Janssens
Pistorius
Hojai, Hojaisa
Gnjatić
Gongsun
Moraes
School student
Sa
Lin
Kruljac
Rodger
LaRocque, La Rocque
De Stefano, Di Stefano, Estébanez, Estensoro, Estenssoro, Esteves, Estévez, Estevez, Ştefănescu, Stefanov, Stefansen, Stefánsson, Stefansson, Stefanović, Stefanowicz, Stepanov, Stepanian, Stepanishvili, Stepanović, Stepanyan, Stephanides, Stephanopoulos, Steponavičius, Stevanović, Stević, Stevenson, Stevović, Szczepanowicz
Fritsch, Fritzsch, Frycz, Fricz, Fryczyński, Frietsch, Fritsche, Fritzsche; Fritschi , Fritz, Fritze, Fritzel, Fritzl, Fritzke, Fritzen
Hau
Bevan, Giannitelli, Giannopoulos, Hovannesian, Hovannesyan, Hovhannisian, Hovhannisyan, I'Anson, Ioannidis, Ioannou, Ivanenko, Ivanić, Ivanov, Ivanović, Ivanovich, Ivanovski, Janavičius, Jānsons, Janowicz, JansenI, Jansons/Jansone, Janssen, Jensen, Johansson, Johns, Johnson, Johnston, Johnstone, Jonavičius, Jonson, Jonsson, Johnsson, Jones, Jovanović, Mac Eoin, MacIain, Mac Seáin, McKeown, McKeon, McLachlan
*Paulus 
*Paolucci/Paulucci/Paoluzzi/Pauluzzi/Paluzzi 
*Pavlov 
*Pavlović 
*Pavlovich 
*Pavelić 
*Paulsen 
*Paulson 
*Paulsson 
*Pålsson 
*Pálsson
McCowan (surname)
Columbus (disambiguation)
Van der Ahe
[[#Variations
Lee, Legh, Leigh
López , Lopes , Lupo , Loup
Hyll, Hull
Axioti, Assiotis, Assioti, Aksiotis, Aksiote, Aksiyote, Aksote, Aksoti, Akşote, Akshoti, Akchoti, Akchoté
Baily (surname)
Rosel; Rousel; Russel; Rossell
Vetterlein, Vetterle, Vettermann, Vetters, Vetterer
Heilpern
Korean: Do
Sherri (name)
OnePulse
Fytche, Ffytche, Fitche, Fitcher, Fittje, and Fitchy
Müller, Meller, Mueller
Gyeon
Albertsen
Disabled
Sipahioglu
Abts
'Sandino' 'Sandinus', 'Sendín',
Dwyer
Fitzgeorge
Afanasyeva
McGowan
ARM Cortex-A78
Johnsen
Cheryl
Suominen
Thomann (disambiguation)
Ulmann
Clarson
Electronics;
Yeo
'Walsh', 'Welsh'
Gunawardane
McKeough (disambiguation)
Hines, Hinds, Hindes, Haynes, Haines, Hynds
Janse
Bishta, Bista, Bist
Kutschera
Chin (surname)
Nelson (surname)
Korean: Seo, So
Gunawardana
Stevens (surname)
Louie, Loui, Lui, Lei
Clark
Ewin and Ewins
Naomi , Noemin , Na'omi , Noemi , Noemi , Naomi , Noemi , Naomi , Noémi , Noemi , Noémia , Noêmia , Noemí, Nohemi
Saunderson, Sandeson, Sandersen, Sandison, Sandersson, MacAlister
Gunesekera
Aaltonen
Fitz-Alan, Fitzalan, Fitzallen, Fitz Alan
Matějovský ,
Easy Card
Pentium M
Irish: Kale, Caile, Cayle, Cale, Kaile, Kail
Carty
Yankov
Simson
Abello, Vello, Vela
Kobayashi
de Sousa, Souza, de Souza, D'Souza
Kerruish
Midgeley
Fakes, Faulks, Faulkes, Fawks, Fawlks, Fawlkes, Foulks, Foulkes, Fowkes
Batty
Harun
Nehoray, Neorai, Neoray
Van Dyke (disambiguation)
Feng
Batts
Grey (surname)
Liú
McAnulty, McEnulty
Spitzer
Stones (surname)
McConnor
Georgy (name)
Malkinson, Malinson
Brodye
Aikins
Turing (microarchitecture)
Holcomb, Halcombe and other variant spellings
Clark, Clarke Clerc, de Clerk, De Clerq, De Clerc, Klerk/de Klerk
Eachaidh; Eachán; Mac Eacháin; Gahan; MacGaffin; McGaffin; MacGahan; McGahan
Seagar
Benison, Bensone, Bennison, Bennsone, Bennisoun, Bennisone
Frost, Ffrost, Ymffrostgar
Ó Móráin
Durrell
Da Gama, Gamma, Gammarra
Gruffydd, Griffith, Griffis, Griffits, Griffitts, Griffin
Vieyra (disambiguation)
Ellaray, Elleray, Ellory, Elray, Hillary, Hillery, Illary, Allaire.
Tsai
Trịnh
Defauw, De fauw, de Fauw, Defauwe, Defauwes, Defawe, Defawes, Defau, Defaut
RTC Clipper card
Mac Oitir
unification
צורף
Yo
Kubka
Murnan, Murrane
RuPay credit card
Treble (surname)
Yiu
Davies (surname)
Alaeddin
De Sutter, DeSoto, De Zutter, DeZuter, DeZutter
Amelia (given name)
Georgianna, Georgeanna
Asplen, Aspling, Ashplant; Absolon
Ibe, Igbokwe, Rumuibekwe
Easy Ticket
Hodžić
Tcaci
Siu, Shiu, Siew( )
Him
Mac Fhlannchaidh
Melamed and variants
Peterson (surname)
, Zlotnik ;
Geoghegan
Lewes
Henricksen, Henrichsen
Charpentier
Eachann; MacEachainn; MacEachin; McEachin
Shane
Oliver; Olivier
Ó Rodaigh
English National Concessionary Travel Scheme
Wijewardena
Aalto (disambiguation)
Löw
Koffke is a non-Jewish German surname mentioned in Eastern Germany
Clewer, Clure
Arnautić
Welker, Walcher, Welcker, Wallker, Walkyr, Walkere, Wealcan, Walcere
Haughn, Ó hEachtair, Ó hEacháin
Hii, Hee, Hoo
Bridy
Eiríkr
Hui, Hoi, Hua
Mag Íomhair
Koch, Kok, Cooke, Cooker, Cock, Cocks, and Cox, Cuoco, Kuharić, Kuvarić
Bourke (surname)
Vrankić
Bäcker
Ó Cillín, Cillian, Ceallach, Kilian, Kiliaen, Kilian, Killion, Kileen, Cilléne, Cillín
Howerd, Heward and Huard
Xenon (processor)
Enhanced Pentium M
Johns (surname)
Anaise, Anaisa, Anaiss, Anays, Anayss, Naïs, Ani
Zhen, Chen
Jayawardana
Wanka, Wanke, Wank; Wenzel, Wentzel, Więcław, Wacław, Wenzeslaus , Wenz
Heilbroner
Jayawardane
Gunawardene
Fitzmorris
Clerc
Paine (disambiguation)
Rogerson (disambiguation)
Du Mas
Esquibel, Ezkibel, Ezquivelle, Ezquibel, Escivel, Escibel, Esquivelle, Esquível
Koski (surname)
Waide, Waid, Wayde, Wadey, De la Wade, Waad, Wadeson, Waidson, Waythe, MacWade, MacUaid, MacQuaid, Quaid
Knolles, Knoll, Knowles, Knowle, Noll, Noel, Nowell
Luo
https://www.ezlink.com.sg/ez-charms
Le Calvez, Caluer
Siow, Sio, Siaw, Seow( )
Schriver
Josi, Jyoshi, Joshee
Afšīn, Afšin, Afşin/Afşın, Afshiin, Afsheen
Tripković
Falco (disambiguation)
O'Hurley, O'Herlihy, O'Mihire, Murphy possibly
Cruse, Cruwys, Cruize, Cruice
Mejías, Megía/Megías, Mexía/Mexia/Mexías
Olivier
Bradie
Shanghainese: Zau
Heikki
MacTaggart
Macquarie (disambiguation)
Last (surname)
'de Palacio' , 'de Palacio' , 'Palacci' , etc., all ultimately from Collis Palatium
Tukker, Toher
Skujiņa
Michałek
Hanrahan
Eriksson
Yō
Chi, Zik
Aarons, Aaronson, Aron
Yasaman, Yasman, Yasamin, Yasemin, Yasameen, Yasmina, Yasmine, Yassmin Yasmeena, Yasmīn, Yasmīne, Yasmeen
GeForce 300 series
Thoroughbred
Plaček
Ziyad, Zyad, Zeyad, Zijad
Bevan
McCarthy (surname)
Takács
Fitz-Maurice
Olliff, Oliffe, Oliff, McAuliffe, McAuley
Budge (disambiguation)
Williams (surname)
Õunpuu
De Meyer
Morineau,Morneault
Johnnie, Johnni, Johni, Jhonny, Johny, Juanito
Chew, Chiu
Davey, Davidian, Davidoglu, Davidoff, Davidopoulos, Davidov, Davidović, Davidovičius, Davidescu, Davids, Davidsen, Davidsson, Davidyan, Davies, Davis, Dea, Deas, Deivson, Day, Davison, Davitashvili, Dawes, Dawidowicz, Dawson, McDaid, McDevitt, Tavitian, Tavityan
Ваховский
Putzmann
Bedard, Bedore, Badour
Bassich, Bashich, Basic, Baschich, Baschitsch
'Vera Cruz', 'Santa Cruz', 'De la Cruz'
Neuhäuser, Neuhaeuser, Neuheuser
Juengling, Jungling, Yuengling, Yungling, Yingling
Reduced-Fare
Schleßinger, Šlesingr ; Schlesinger, Schlehsinger , Slesinger, Slezak, Ślęzak
; Similar surnames:
* Schleußinger
Liu (surname)
Schönemann (disambiguation)
Gruffydd, Griffiths
de Stafford
MacDonough, McDonnough, MacDonogh, McDonogh, MacDonagh, McDonagh, McDonaugh, McDonnaugh, McDunnough
Bevan, Giannitelli, Giannopoulos, Hanson, Hansson, Hovannesian, Hovannesyan, Hovhannisian, Hovhannisyan, I'Anson, Ioannides, Ioannidis, Ioannou, Ionescu, Ivanenko, Ivanić, Ivanov, Ivanović, Ivanovski, Janavičius, Jānsons, Janowicz, JansenI, Jansons/Jansone, Janssen, Jensen, Johansson, Johns, Johnston, Johnstone, Jonavičius, Jonson, Jonsson, Jónsson, Johnsson, Jones, Jovanović, Mac Eoin, MacIain, Mac Seáin, McKeown, McKeon, McLachlan
Honigsbaum
Kwok, Guok
Korean: Gam
Tikka (disambiguation)
Di Liberto, Di Liberti, Diliberto, Diliberti, Liberace, Liberaci, Liberato, Liberatori, Liberati, Liberti, Libertini, Libertino, Libertucci
גאנץ
Stabler, Staebler, Stebler, Stöbler, Stab
Gelperin
PowerPC G3
Janson (name)
Yam, Yum, Jen
Hailey, Hayley, Healy, Hailie
Dos Santos, De Los Santos, Spekpeko, De Santo, De Santos, Del Santo, Santi, Santis, Santiz, Senti, Sentis, Sanctorum
Troye
Borozanović
Bates (surname)
Tribble (surname)
Bourke, Burgo/de Burgo, de Bourgh
Cincar-Marković
Echeverria, Echevarria, Etcheverria, Echeverri, Echeverry, Hechavarria
Kõiv
Amalie (given name)
Cathasaigh
Cui, Thôi
Dementiev, Dementieva
Ch'ng, Chuang, Chong, Chng, Ching
Bajrami
Pedersen
Disney Dining Plan
Schiel
Chi, Gai, Kai
Abrahamovsky
Hywel
VEGA AS1061
Brodbent
O'Connor (disambiguation)
Gilbertson
Frum
Synklar
Seganfreddo, Segafredo, Siffredi, and Siegfried
Paltiel , Palter, Pelter; Paltrowicz, Paltrowitch, Paltrowitz , Palterovich, Polterowicz; Peltowicz, Peltynowicz, etc.
air force
Siosal; Shiosal Scottish Gaelic
Scrivener (disambiguation)
Abdallah, Abdellah, Abdollah, Abdullah and many other
Pay as you go
Vale-transporte
Hurst, Herst, Hearst
Bhattrai, Bhattaraya
FitzMaurice
Talbott
Travis, Trevors, Travors, Trower, Trover, Trevir
Xiong, Hsiung
Pasqual (disambiguation)
FitzMaurice Fitz-Maurice
Jašarević
Dabrowski, Dombrowski, Dobrowski, Dobrosky, Dombroski, Dombrosky
Don (given name)
Celeron
Sherrill (surname)
Sarapu
Loup , López , Lopes , Lupu
O'Casey (surname)
Ung
CharlieTicket
Murgenthaler, Mergenthaler, Morgentaler
Older people
Chia, Cheah, Sia
Cao (surname)
Hsün, Hsun
Davidson
Mickelsen
Chinese: Sam
@en
Smart ICOCA
Quách
Eichthighearn; MacEacharn; McEacharn
Hervey, Hervie, Harvie
Eltone, Elton, Ellton
Gao (surname)
Hallows
Radeon X300-X600 series
Jaffee
Schieler
Deluca, De Luca
Herron, Herroun and Hairon
Terpstra
Aubree, Aubrie, Awbery
Brody
Le Guellec, Gellec
Yossef
Nesselrath, Nesselröden
Hansen (surname)
Ngai, Nee
Hoar (surname)
Zimmerman (surname)
Menges, Minges, Menzies
Eakins
Guo, Kuo
Samuelsson
Mattyasovszky
Dương
Bishta, Bishta, Bisht
Lučić
Adhikary
MacSeoin, Joans, Johnson, Johns, Sion
Lui, Leoi, Lei, Loi
Mullenax, Mullinax, Molinex, Mullinix, Mullenneix, Mullennix, Mullenix, Mullineaux, Molinieux, Molinaux, Molineaux, Mollineaux, Molineux, Mulling, Molyneaux
Currigan
Haughey
Corry, McCorry
Tarık , Tarek, Tarik, Tareq, Tariq
Shari (disambiguation)
Man
Kvesic, Kvesich
Allauddin
Jan3
VEGA AS4161
Væring, Väring, Wæring, Wäring
Rogers
Nieminen
Heusaff
Mandić
Gilbert
Dutch: Looij
De Búrca
Cradock, Cradocke, Cradduck, Cradok, Craddoe, Caradog
De Toledo
MacQuarrie
Scheidt (disambiguation)
Diêu, Dao
Rundell, Randell
Momtaz
Di Tommaso,  Thom, Thomas, Thomason, Thomassen, Thomasson, Thomson, Tom, Tomadze, Tomašević, Tomashov, Tomashvili, Tomaszewicz, Tomescu, Tommasi, Tumasian, Tumasyan
Jonnie
Sengupta, Dasgupta, Duttagupta
Symmachus (disambiguation)
Matson, Mattsson, Matheson, Mathewson, Mattsen
Xie, Hsieh
Vaillily, Mac Giolla Mhuire, Mac Giolla Mhura or Mac Giolla Bhearshúiligh
Eacharn; MacEachern; McEachern; McKeachie; McKeachy
Haddad
Duncan (surname)
Haugan (disambiguation)
Cell processor
Eachán; Haughey; Ó hEacháin, Hawkins
Stephens
Wilkinson (surname)
Johanson
Hebrew: Sinay
Castaneda
Korean: Kan
Pieterson
Tkachenko
Katuwal, Katawal, Katowal
de Górdún; Gordon ; Gurden
Cell (microprocessor)
Ziemens; Siemon, Siemen , Siem, Siems, Siemes, Siemsen , Simsen , etc.; Simonsen
Keogh
Rüştü
Vasquez
Dublin
Werner (disambiguation)
Wetherby, Weatherby, Witherby, Wetherbee
McCreadie
Cheetham, Cheatham, Chatan, Chitham, Chitson
Read
Time-based pass
Zakaryan
Ala al-Din
Morris
Venne
Deich
Yoo, Ryu
Lucci
Virtanen (surname)
Fairlie (surname)
Yi, Yih
Howells (surname)
Halper
Korean: Kuk, Guk
Morganach, Ó Muireagáin, Morgant
Chinese: Ma, Mah
Huyche
Senior Clipper card
Allan, Allen, Allyn, Alen, Alin, Alyn
Tong
This surname has multiple different spellings which are displayed below.
Dahle, Dahlen, Dahlin, Dahlinger, Dahlem, Dallen, Dallin, Dahlstrom, Dale
Werner, Warner, Wernere, Waerner, Warnken, Warnecke
Schriewer
Wessel (disambiguation)
Schön (surname)
Beqir
Comolli, Comelli, Comino, Giacomelli, Giacometti, Giacomino, Jacobelli, Jacobellis and similar
Pappas
Jepsen
Keilor, Keiler, Keiller, Kieller, Keillour, Keilar, Keeler, Keelor, Kellar, Keller, Kellor, Kiellor.
Conlee
Blackie, Blaickie, Blakie, Blaikkie, Bleakie, Blekie, Bleckie
Cheong
Cochrane, Coughran, MacCorcoran, Corcorran
Dreyfuss
McEachin (surname)
McGee
Cochran, Cocrane, Cocran, Cochren, Cockram, Cockran, Cockren, Cochern, Colqueran, Coughran, Cofran
Goldscheider
Reres
Culbert, Colbert, Colbertson, Culberts, Colberts, Coulbert, Culbart, Culbirt
Brayshaw, Bradshawe
Lennox (disambiguation)
Higashifushimi
Wilson
Apple A12X
100
Oldom, Aldholme
O'Flynn, Flinn, Lynn, O'Lynn, O'Linn
Schriefer
Hönig
Borowitz (disambiguation)
Georgiana
Lomax, Lomaz, Lumox, Lummus, Lummis and Lomis
Senior/Pensioner
MacArthur (surname)
Jacobson
Cutworth, Cadworth, Cudwerth, Cudwarth, Cudwirth, Cuttworth, Cotworth, Cadorath, Cadoreth, Gutworth
Aapeli
McCaughey
Elderkin, Elders, Elderson
Ally, Aly, Alli, Alley, Allie, Aliy, Aliyy
Day (surname)
Passy, Passie, Peacey, Piosey
Astel, Astell, Asthul, Astill, Astles, Astull, Astyll, Oskettle, Askettle, Asketil and Ostle
Behoň
Jang, Chang
Yong, Jong
Pang, Phang
Valcke
Tománek
McShane (disambiguation)
Greyson
Zheng, Ching
Tou4
Hagan (surname)
Esmond (disambiguation)
Suomalainen (disambiguation)
Carrigan
Shriver
Tahira
Payne (surname)
Yeoh
Holcombe, Halcombe and other variant spellings
Tuan-mu, Twanmoh
Berzin
Ignjatich
Perich
Luchi
Chinese: Pan, Poon
Absile, Absillis
Spenser, Spender, Espencer, Spence, Spens
Nguyễn
Youth Compass Card
V850 Family,
Chinese: Mo, Mu, Bok, Muk
Hawes, Hay, Haye, Hays, Heas, Heyes, Highes, O'Hea, Hease, Heyes, Heise, Hughes, Haynes, Haines
﹖
﹗
Zakharov
Acheson, Atkinson, Aicheson, and Aitcheson, Adcock, Atcock
: Xu, Hsu, Chui
Murong( )
Chinese: Huang, Wang, Meng
Giorgia
Nielsen (surname)
Caissie
Boid; Bhoid
GWS-25, GWS-26, GWS-27
‘ ’
Nieves
Lucey
Haffey
Robell]]
Sérurier, Sérusier, Claveurier
Peris
Perini (disambiguation)
Ó Cearbhaill, Cearbhall
Tkachyov
Hình
Evenno, Evenou, Evennou, Evennau, Evano, Evanno, Evenot, Evenat, Evenas
Zee
Schreber
Arascain
Hawton
Meijers
Schulze
Bošnjaković
Broddy
Humza, Hamzah, Hamzeh, Hamsah
Haugen (disambiguation)
Apple A10X Fusion
Tomandl
McCarter
Strauß, Struz, Strutz, Straus, Strause, Struys, Struijs, Struis, Straussman, Strausman
MacConnor
Ullmann
Lémieux
150
Schulz
Clouston (disambiguation)
Chinese : Lü, Lui, Louie
Chang, Zhang
Co, Ngo
Fairbairn
Kohaut
Sanches, Sanchiz, Sanguez, Saez, Sanz, Sanzio
Heung
Hernandes
Louis (given name)
Ioannou
Spahic, Spahich
Janzen
Dugan,
Brodey
Grooms, Groome
given name
Lister, Lestre
; Similar formed surnames:
* Weh, Wehe, Wehmann, Wehmeier
Joo, Ju
Jansen (surname)
Karadža
MacNeil
[[#See also
Giannopoulos
Bhawal
Kreshnik
Saxe (surname)
Tkachuk
Luce (name)
Ó Sírín, Ó Síoráin, O'Sheeran, Sheerin
Wagner (surname)
Ariyal, Arjel
Yang
Tomann
Mócz, Móc
Atkinson, Aitchison, Aicheson, and Aitcheson, Adcock, Atcock
Chinese : Loi, Louie, Looi
Schultz
P'ing
Petterson
Paterson (surname)
Korean: Ju, Joo, Chu
Mag Shitric
Haly, Haley, Haily, Hely, Healy, O'Healey, O'Haly
Schmucker
Scheid (surname)
Zhi
Ó hAodha, McHugh, MacHugh, O'Hugh, Ap Huw, Ap Hugh, Huson, Hughs, Huws, Hews, Hayes, Haynes, Haines, Pugh, Hugues, Hughues, Hugeus, Howe
Kue, Koay, Quek
Korean: Ryŏ, Lyuh
Eachán; Mac Eacháin;
Lucio
Setsu
Gariboldi
Wung, Vong, Huang, Wang, Heng
Peries
Schrieber
Batey (surname)
Rokka, Rokaha, Roka, Rokaya
Järvi
Chinese: Du, Zhuo, Su
Manguerra, Mandigma
Harvey
Yeo, Yeoh, Yo, Yiu; Njoo, Jo, Nyoo, Ngeo
Siwakoti, Shiwakoti, Sibakoti, Shibakoti, Shivakoti
Similar toponyms: Borov, Borów, Borovo, Borowo, Borovno, Borówno,
Turci, Turchi, Del Turco, Lo Turco
Sung, Soong, Tống
Zip
Cesi, Cesino, Cesini
Moon
Woolfenden
Zimmermann (surname)
Wolfson, Wolfssohn, Wolffssohn; Wolffson, Wolfsson, Wolffsson; Wolfowitz, Wolfskin; Ze'ev, Ze'evi
Hùng
Eachaidh, Eachán, Gahan, McCaughan, McGaffin/MacGaffin, McGahan/MacGahan
／
Chinese: Gan, Kan, Jin, Qin
Boon
Borowski
Pettersen
Amadu
Alston (name)
Blewett, Blewitt, Bloet, Bluiett, Bluet
Haugan (name)
[[#Ahmet
Timmer
Huis
McTaggart
Clunes, Cluen, Cluin , Cloon
MacLennon, O'Lennon, O'Lennan, Linnane, Lineen, O'Lonain
Elksnis
Mikkelsen
Harmon, Hermann, Herman, Harmann, Harmin, Arman, Armani, Ehrman
Wächter, Wachtel, Wachtler, Wächtler, Wachtel, Wachder, Wachdler, Wachitler
Schulzke
Cherry (disambiguation)
Auchinclose
Hawken, Hawkins
Franz (surname)
Faber, Fabri, Fabricius; Goldschmidt , Silberschmidt;
Chetham, Cheetham, Chatan, Chitham, Chitson
Hinchcliff, Hinchliffe, Henchcliff, Hinchsliff
Batson
Hopkins, Robertson, Robyns, Robins, Robben, Robens, Robbings, Robeson, Robison
Tang, T'ang
RH850 Family
Ahonen
Passie, Passey, Peacey, Pacey, Piosey
Toome (surname)
גַנְץ
Pain, Paine
Michele, Michaela, Micaela, Michalina
Hovhannisyan
https://thesingaporetouristpass.com.sg/
Kehoe (surname)
mabohang
Unregistered personal Opencard
Ruan, Won, Yuen
Kask (surname)
羅
Bosence, Bossance, Boscence
Edwards (surname)
Currie (surname)
Intel 80188
Vogelgesang (disambiguation)
DeStefano, DiStefano, Estébanez, Esteves, Estévez, Estevez, Istvánffy, Istvánfi, Stefanenko, Ştefănescu, Stefanovski, Stefánsson, Stefánsson, Stefanou, Stefanović, Stefanowicz, Steffensen, Stepanenko, Stepanov, Stepanović, Stepanosyan, Stepanyan, Stephanopoulos, Stephenson, Steponavičius, Stevanović, Stjepanović, Szczepanowicz
Sacks (surname)
Ó Sírín, Ó Síoráin, O'Sheeran, Sheeran, Shearin
Ducquette, Duquette, Duquete, Ducquet, Duquet, Duquais, Duchet, Duchez, Duchey, Duchette, Duchais, Duche
Fernández
Hunt
Ala'Aldeen
Electronic senior pass for access-control of nationally-mandated free transport of seniors
William, Willimon, Williman, Williamson, Wilhelm, Willems
[[#Other spellings
Hughey (disambiguation)
Braun
Loiacono , Lo Jacono , Jacono
Ulman
Clan Fergusson
Zeitountsyan, Zeituntsyan, Zeytuntsian, Zeytunian, Zeytunyan
Scherzer
Poulsen
Conly (disambiguation)
Mun
Saetae
Pederson
Cincar (surname)
Sim, Sam, Sheem, Sum, Sham
Hénaf, Hénanff, Hénaph, Le Hénan, Le Hénand, Le Hénanf, Le Hénanff, Le Hénauff
English: Tough, Tulloch, Towe
Honig
Suma
Mickelson
Ó Muircheartaigh
Mednikov
Korean: Noi, Roe, Roi
Piccard
Freytag
Harower, Harewere
Haughton
Parrum, Param, Parram, Perham, Pearham, Perram, Parhan, De Parham
Benvenuto and Benveniste , Benvenist , Benveniste , Bemvenist and Bemveniste , Beniste or Benisti , Bienveniste, Benbeneste, Beneviste, Benvenista, Benvenisto, Ben-Veniste.
Sutliffe, Sutliff
Đỗ
Stastny
Corvette
Auchinleck
Marchi, De Marchi, De Marco, Di Marco, Marco, Di Marko, Marko, Marcus, Marconi, Marchitello, Marcuzzi, Marchini, Merck, Marck, Van der Marck, Markushkin, Markowicz, Markowitz, Markovich, Marcovitch, Markovic, Markovics, Marcovici, Marczewski, Márquez etc.
Bailie (name)
Ts'en, Tsen, Sam, Shum, Sham, Sum, Sang, Gim, Khim, Chim
English: Home, Homme, Holme
Chorbadzhi , Corbaxhi, Corbaxhiu
O'Neill (surname)
Stansfield, Stanfield, Standfield
8088
Erikson (surname)
Kottler
￥
Freitag (surname)
￦
Schrijver
Michelsen
Hoare
Luci
Chinese:
Perić
Blankinship,  Blenkinsopp, Blenkinsop, Blankenship
Velicig, Velesig, Vellini, Velisi, Velluszhik, Welisch , Velišek , Velišček
Wehnert, Wahner, Weiner; Wegener, Wegner, Wägener, Wägner ; Wagener, Wagner , Wagenaar, Waagner; Stellmacher; Wagenmann , Wagenbreth, Wagenführ, Wagenführer, Wagenknecht, Wagschal , Wagenseil, Fuhrmann; Rademacher; Woźnik, Woźniak, Woźnicki; Wagoner, Waggoner, Wainwright, Carter, Cartwright, Wheelwright
; Similar formed surnames:
Waage, Wagenbach, Wagenhals , Wagenitz
Hung, Hong
MacShannon, O'Shannon
Bogdanović
Athanasios (disambiguation)
Lucy
Chow, Chau
Pieterse